<?xml version="1.0" encoding="UTF-8"?>
<export version="D">
  <design>
    <source>C:\Users\JARCIK\Documents\puszka\puszka.sch</source>
    <date>2017-10-29 20:40:15</date>
    <tool>Eeschema 4.0.7</tool>
    <sheet number="1" name="/" tstamps="/">
      <title_block>
        <title/>
        <company/>
        <rev/>
        <date/>
        <source>puszka.sch</source>
        <comment number="1" value=""/>
        <comment number="2" value=""/>
        <comment number="3" value=""/>
        <comment number="4" value=""/>
      </title_block>
    </sheet>
  </design>
  <components>
    <comp ref="R8">
      <value>R</value>
      <footprint>jarcik:R_1206</footprint>
      <libsource lib="device" part="R"/>
      <sheetpath names="/" tstamps="/"/>
      <tstamp>59EC9F25</tstamp>
    </comp>
    <comp ref="R7">
      <value>R</value>
      <footprint>jarcik:R_1206</footprint>
      <libsource lib="device" part="R"/>
      <sheetpath names="/" tstamps="/"/>
      <tstamp>59EC9F64</tstamp>
    </comp>
    <comp ref="Q2">
      <value>BC817</value>
      <footprint>TO_SOT_Packages_SMD:SOT-23</footprint>
      <libsource lib="transistors" part="BC817"/>
      <sheetpath names="/" tstamps="/"/>
      <tstamp>59ECA1A3</tstamp>
    </comp>
    <comp ref="U3">
      <value>ESP-07v2</value>
      <libsource lib="ESP8266" part="ESP-07v2"/>
      <sheetpath names="/" tstamps="/"/>
      <tstamp>59EC9C85</tstamp>
    </comp>
    <comp ref="D2">
      <value>1N4148</value>
      <footprint>jarcik:SOD-80</footprint>
      <libsource lib="device" part="D_Small"/>
      <sheetpath names="/" tstamps="/"/>
      <tstamp>59ECEB59</tstamp>
    </comp>
    <comp ref="R4">
      <value>R</value>
      <footprint>jarcik:R_1206</footprint>
      <libsource lib="device" part="R"/>
      <sheetpath names="/" tstamps="/"/>
      <tstamp>59ECF0C3</tstamp>
    </comp>
    <comp ref="R3">
      <value>R</value>
      <footprint>jarcik:R_1206</footprint>
      <libsource lib="device" part="R"/>
      <sheetpath names="/" tstamps="/"/>
      <tstamp>59ECF0C9</tstamp>
    </comp>
    <comp ref="Q1">
      <value>BC817</value>
      <footprint>TO_SOT_Packages_SMD:SOT-23</footprint>
      <libsource lib="transistors" part="BC817"/>
      <sheetpath names="/" tstamps="/"/>
      <tstamp>59ECF0CF</tstamp>
    </comp>
    <comp ref="D1">
      <value>1N4148</value>
      <footprint>jarcik:SOD-80</footprint>
      <libsource lib="device" part="D_Small"/>
      <sheetpath names="/" tstamps="/"/>
      <tstamp>59ECF0F0</tstamp>
    </comp>
    <comp ref="U2">
      <value>MCP1825T</value>
      <footprint>jarcik:SOT-223-5</footprint>
      <libsource lib="mcp1825" part="MCP1825T"/>
      <sheetpath names="/" tstamps="/"/>
      <tstamp>59F0EA68</tstamp>
    </comp>
    <comp ref="U1">
      <value>TSP-05</value>
      <footprint>jarcik:HLK-PM01</footprint>
      <libsource lib="puszka-cache" part="TSP-05"/>
      <sheetpath names="/" tstamps="/"/>
      <tstamp>59F0EB71</tstamp>
    </comp>
    <comp ref="RV1">
      <value>Varistor</value>
      <footprint>jarcik:Warystor</footprint>
      <libsource lib="device" part="Varistor"/>
      <sheetpath names="/" tstamps="/"/>
      <tstamp>59F0EC3E</tstamp>
    </comp>
    <comp ref="J1">
      <value>230VAC</value>
      <footprint>jarcik:AK300-2_jarcik</footprint>
      <libsource lib="conn" part="Screw_Terminal_01x02"/>
      <sheetpath names="/" tstamps="/"/>
      <tstamp>59F0F439</tstamp>
    </comp>
    <comp ref="C2">
      <value>100nF</value>
      <libsource lib="device" part="C"/>
      <sheetpath names="/" tstamps="/"/>
      <tstamp>59F0FB17</tstamp>
    </comp>
    <comp ref="C3">
      <value>10uF</value>
      <footprint>jarcik:10uf_16</footprint>
      <libsource lib="device" part="CP1_Small"/>
      <sheetpath names="/" tstamps="/"/>
      <tstamp>59F0FB6A</tstamp>
    </comp>
    <comp ref="C5">
      <value>100nF</value>
      <footprint>jarcik:R_1206</footprint>
      <libsource lib="device" part="C"/>
      <sheetpath names="/" tstamps="/"/>
      <tstamp>59F104D6</tstamp>
    </comp>
    <comp ref="C6">
      <value>10uF</value>
      <footprint>jarcik:10uf_16</footprint>
      <libsource lib="device" part="CP1_Small"/>
      <sheetpath names="/" tstamps="/"/>
      <tstamp>59F105A4</tstamp>
    </comp>
    <comp ref="J4">
      <value>UP/DOWN</value>
      <footprint>jarcik:AK300-2_jarcik</footprint>
      <libsource lib="conn" part="Screw_Terminal_01x02"/>
      <sheetpath names="/" tstamps="/"/>
      <tstamp>59F10853</tstamp>
    </comp>
    <comp ref="J7">
      <value>UP/DOWN</value>
      <footprint>jarcik:AK300-2_jarcik</footprint>
      <libsource lib="conn" part="Screw_Terminal_01x02"/>
      <sheetpath names="/" tstamps="/"/>
      <tstamp>59F10A0E</tstamp>
    </comp>
    <comp ref="R9">
      <value>4,7k</value>
      <footprint>jarcik:R_1206</footprint>
      <libsource lib="device" part="R_Small"/>
      <sheetpath names="/" tstamps="/"/>
      <tstamp>59F11DAE</tstamp>
    </comp>
    <comp ref="R5">
      <value>10k</value>
      <footprint>jarcik:R_1206</footprint>
      <libsource lib="device" part="R_Small"/>
      <sheetpath names="/" tstamps="/"/>
      <tstamp>59F123EC</tstamp>
    </comp>
    <comp ref="R6">
      <value>4,7k</value>
      <libsource lib="device" part="R_Small"/>
      <sheetpath names="/" tstamps="/"/>
      <tstamp>59F1249D</tstamp>
    </comp>
    <comp ref="C1">
      <value>1uF</value>
      <footprint>jarcik:R_1206</footprint>
      <libsource lib="device" part="C"/>
      <sheetpath names="/" tstamps="/"/>
      <tstamp>59F141CD</tstamp>
    </comp>
    <comp ref="R1">
      <value>4,7k</value>
      <footprint>jarcik:R_1206</footprint>
      <libsource lib="device" part="R"/>
      <sheetpath names="/" tstamps="/"/>
      <tstamp>59F14477</tstamp>
    </comp>
    <comp ref="J2">
      <value>GÓRA/DÓŁ</value>
      <footprint>jarcik:AK300-2_jarcik</footprint>
      <libsource lib="conn" part="Screw_Terminal_01x02"/>
      <sheetpath names="/" tstamps="/"/>
      <tstamp>59F152BB</tstamp>
    </comp>
    <comp ref="C4">
      <value>1uF</value>
      <footprint>jarcik:R_1206</footprint>
      <libsource lib="device" part="C"/>
      <sheetpath names="/" tstamps="/"/>
      <tstamp>59F15DB0</tstamp>
    </comp>
    <comp ref="R2">
      <value>4,7k</value>
      <footprint>jarcik:R_1206</footprint>
      <libsource lib="device" part="R"/>
      <sheetpath names="/" tstamps="/"/>
      <tstamp>59F15DB6</tstamp>
    </comp>
    <comp ref="J3">
      <value>GÓRA/DÓŁ</value>
      <footprint>jarcik:AK300-2_jarcik</footprint>
      <libsource lib="conn" part="Screw_Terminal_01x02"/>
      <sheetpath names="/" tstamps="/"/>
      <tstamp>59F15DC9</tstamp>
    </comp>
    <comp ref="J5">
      <value>UART</value>
      <footprint>jarcik:3pin</footprint>
      <libsource lib="conn" part="Screw_Terminal_01x03"/>
      <sheetpath names="/" tstamps="/"/>
      <tstamp>59F16380</tstamp>
    </comp>
    <comp ref="K1">
      <value>JZC32F</value>
      <footprint>jarcik:JZC-32F</footprint>
      <libsource lib="relays" part="JZC32F"/>
      <sheetpath names="/" tstamps="/"/>
      <tstamp>59F4FB5E</tstamp>
    </comp>
    <comp ref="K2">
      <value>JZC32F</value>
      <footprint>jarcik:JZC-32F</footprint>
      <libsource lib="relays" part="JZC32F"/>
      <sheetpath names="/" tstamps="/"/>
      <tstamp>59F4FD7B</tstamp>
    </comp>
    <comp ref="R10">
      <value>10k</value>
      <footprint>jarcik:R_1206</footprint>
      <libsource lib="device" part="R_Small"/>
      <sheetpath names="/" tstamps="/"/>
      <tstamp>59F6336D</tstamp>
    </comp>
    <comp ref="J6">
      <value>FLASH</value>
      <libsource lib="conn" part="Screw_Terminal_01x02"/>
      <sheetpath names="/" tstamps="/"/>
      <tstamp>59F63464</tstamp>
    </comp>
  </components>
  <libparts>
    <libpart lib="transistors" part="BC817">
      <aliases>
        <alias>BC818</alias>
        <alias>BC847</alias>
        <alias>BC848</alias>
        <alias>BC849</alias>
        <alias>BC850</alias>
        <alias>MMBT3904</alias>
      </aliases>
      <description>45V Vce, 0.8A Ic, NPN, SOT-23</description>
      <docs>http://www.fairchildsemi.com/ds/BC/BC817.pdf</docs>
      <footprints>
        <fp>SOT?23*</fp>
      </footprints>
      <fields>
        <field name="Reference">Q</field>
        <field name="Value">BC817</field>
        <field name="Footprint">TO_SOT_Packages_SMD:SOT-23</field>
      </fields>
      <pins>
        <pin num="1" name="B" type="input"/>
        <pin num="2" name="E" type="passive"/>
        <pin num="3" name="C" type="passive"/>
      </pins>
    </libpart>
    <libpart lib="device" part="C">
      <description>Unpolarized capacitor</description>
      <footprints>
        <fp>C_*</fp>
      </footprints>
      <fields>
        <field name="Reference">C</field>
        <field name="Value">C</field>
      </fields>
      <pins>
        <pin num="1" name="~" type="passive"/>
        <pin num="2" name="~" type="passive"/>
      </pins>
    </libpart>
    <libpart lib="device" part="CP1_Small">
      <description>Polarised capacitor</description>
      <footprints>
        <fp>CP_*</fp>
      </footprints>
      <fields>
        <field name="Reference">C</field>
        <field name="Value">CP1_Small</field>
      </fields>
      <pins>
        <pin num="1" name="~" type="passive"/>
        <pin num="2" name="~" type="passive"/>
      </pins>
    </libpart>
    <libpart lib="device" part="D_Small">
      <description>Diode, small symbol</description>
      <footprints>
        <fp>TO-???*</fp>
        <fp>*SingleDiode</fp>
        <fp>*_Diode_*</fp>
        <fp>*SingleDiode*</fp>
        <fp>D_*</fp>
      </footprints>
      <fields>
        <field name="Reference">D</field>
        <field name="Value">D_Small</field>
      </fields>
      <pins>
        <pin num="1" name="K" type="passive"/>
        <pin num="2" name="A" type="passive"/>
      </pins>
    </libpart>
    <libpart lib="ESP8266" part="ESP-12">
      <aliases>
        <alias>ESP-07v2</alias>
      </aliases>
      <description>ESP8266 ESP-12 module, 16 pins, 2mm, PCB antenna</description>
      <docs>http://l0l.org.uk/2014/12/esp8266-modules-hardware-guide-gotta-catch-em-all/</docs>
      <footprints>
        <fp>ESP-07*</fp>
        <fp>ESP-12*</fp>
      </footprints>
      <fields>
        <field name="Reference">U</field>
        <field name="Value">ESP-12</field>
      </fields>
      <pins>
        <pin num="1" name="REST" type="input"/>
        <pin num="2" name="ADC" type="passive"/>
        <pin num="3" name="CH_PD" type="input"/>
        <pin num="4" name="GPIO16" type="BiDi"/>
        <pin num="5" name="GPIO14" type="BiDi"/>
        <pin num="6" name="GPIO12" type="BiDi"/>
        <pin num="7" name="GPIO13" type="BiDi"/>
        <pin num="8" name="VCC" type="power_in"/>
        <pin num="9" name="GND" type="power_in"/>
        <pin num="10" name="GPIO15" type="BiDi"/>
        <pin num="11" name="GPIO2" type="BiDi"/>
        <pin num="12" name="GPIO0" type="BiDi"/>
        <pin num="13" name="GPIO4" type="BiDi"/>
        <pin num="14" name="GPIO5" type="BiDi"/>
        <pin num="15" name="RXD" type="input"/>
        <pin num="16" name="TXD" type="output"/>
      </pins>
    </libpart>
    <libpart lib="relays" part="JZC32F">
      <description>JZC32F</description>
      <docs>JZC32F</docs>
      <fields>
        <field name="Reference">K</field>
        <field name="Value">JZC32F</field>
        <field name="Footprint">JZC32F</field>
      </fields>
      <pins>
        <pin num="1" name="~" type="passive"/>
        <pin num="2" name="~" type="passive"/>
        <pin num="3" name="~" type="passive"/>
        <pin num="4" name="~" type="passive"/>
      </pins>
    </libpart>
    <libpart lib="mcp1825" part="MCP1825T">
      <fields>
        <field name="Reference">U</field>
        <field name="Value">MCP1825T</field>
      </fields>
      <pins>
        <pin num="1" name="SHDN" type="input"/>
        <pin num="2" name="VIN" type="input"/>
        <pin num="3" name="GND" type="input"/>
        <pin num="4" name="VOUT" type="input"/>
        <pin num="5" name="PWRGD" type="input"/>
        <pin num="6" name="GND" type="input"/>
      </pins>
    </libpart>
    <libpart lib="device" part="R">
      <description>Resistor</description>
      <footprints>
        <fp>R_*</fp>
        <fp>R_*</fp>
      </footprints>
      <fields>
        <field name="Reference">R</field>
        <field name="Value">R</field>
      </fields>
      <pins>
        <pin num="1" name="~" type="passive"/>
        <pin num="2" name="~" type="passive"/>
      </pins>
    </libpart>
    <libpart lib="device" part="R_Small">
      <description>Resistor, small symbol</description>
      <footprints>
        <fp>R_*</fp>
      </footprints>
      <fields>
        <field name="Reference">R</field>
        <field name="Value">R_Small</field>
      </fields>
      <pins>
        <pin num="1" name="~" type="passive"/>
        <pin num="2" name="~" type="passive"/>
      </pins>
    </libpart>
    <libpart lib="conn" part="Screw_Terminal_01x02">
      <description>Generic screw terminal, single row, 01x02</description>
      <docs>~</docs>
      <footprints>
        <fp>Connector*Terminal*Block*:*</fp>
        <fp>TerminalBlock*</fp>
      </footprints>
      <fields>
        <field name="Reference">J</field>
        <field name="Value">Screw_Terminal_01x02</field>
      </fields>
      <pins>
        <pin num="1" name="Pin_1" type="passive"/>
        <pin num="2" name="Pin_2" type="passive"/>
      </pins>
    </libpart>
    <libpart lib="conn" part="Screw_Terminal_01x03">
      <description>Generic screw terminal, single row, 01x03</description>
      <docs>~</docs>
      <footprints>
        <fp>Connector*Terminal*Block*:*</fp>
        <fp>TerminalBlock*</fp>
      </footprints>
      <fields>
        <field name="Reference">J</field>
        <field name="Value">Screw_Terminal_01x03</field>
      </fields>
      <pins>
        <pin num="1" name="Pin_1" type="passive"/>
        <pin num="2" name="Pin_2" type="passive"/>
        <pin num="3" name="Pin_3" type="passive"/>
      </pins>
    </libpart>
    <libpart lib="puszka-cache" part="TSP-05">
      <fields>
        <field name="Reference">U</field>
        <field name="Value">TSP-05</field>
      </fields>
      <pins>
        <pin num="1" name="AC" type="input"/>
        <pin num="2" name="AC" type="input"/>
        <pin num="3" name="GND" type="input"/>
        <pin num="4" name="5V" type="input"/>
      </pins>
    </libpart>
    <libpart lib="device" part="Varistor">
      <description>Voltage dependent resistor</description>
      <footprints>
        <fp>RV_*</fp>
        <fp>Varistor*</fp>
      </footprints>
      <fields>
        <field name="Reference">RV</field>
        <field name="Value">Varistor</field>
      </fields>
      <pins>
        <pin num="1" name="~" type="passive"/>
        <pin num="2" name="~" type="passive"/>
      </pins>
    </libpart>
  </libparts>
  <libraries>
    <library logical="device">
      <uri>C:\Program Files\KiCad\share\kicad\library\device.lib</uri>
    </library>
    <library logical="relays">
      <uri>C:\Program Files\KiCad\share\kicad\library\relays.lib</uri>
    </library>
    <library logical="transistors">
      <uri>C:\Program Files\KiCad\share\kicad\library\transistors.lib</uri>
    </library>
    <library logical="conn">
      <uri>C:\Program Files\KiCad\share\kicad\library\conn.lib</uri>
    </library>
    <library logical="ESP8266">
      <uri>C:\Users\JARCIK\Downloads\kicad-ESP8266-master\ESP8266.lib</uri>
    </library>
    <library logical="mcp1825">
      <uri>C:\Users\JARCIK\Downloads\kicad_libraries-master\mcp1825.lib</uri>
    </library>
    <library logical="puszka-cache">
      <uri>C:\Users\JARCIK\Documents\puszka\puszka-cache.lib</uri>
    </library>
  </libraries>
  <nets>
    <net code="1" name="Net-(R9-Pad1)">
      <node ref="U3" pin="10"/>
      <node ref="R9" pin="1"/>
    </net>
    <net code="2" name="Net-(R9-Pad2)">
      <node ref="R9" pin="2"/>
    </net>
    <net code="3" name="Net-(R5-Pad2)">
      <node ref="R5" pin="2"/>
      <node ref="U3" pin="3"/>
    </net>
    <net code="4" name="Net-(J7-Pad2)">
      <node ref="J7" pin="2"/>
      <node ref="K2" pin="2"/>
    </net>
    <net code="5" name="Net-(C1-Pad1)">
      <node ref="C1" pin="1"/>
      <node ref="R1" pin="2"/>
    </net>
    <net code="6" name="GND">
      <node ref="J6" pin="2"/>
      <node ref="U3" pin="9"/>
      <node ref="C2" pin="2"/>
      <node ref="Q1" pin="2"/>
      <node ref="J3" pin="1"/>
      <node ref="R3" pin="2"/>
      <node ref="C4" pin="2"/>
      <node ref="J5" pin="3"/>
      <node ref="R7" pin="2"/>
      <node ref="Q2" pin="2"/>
      <node ref="C3" pin="2"/>
      <node ref="U1" pin="3"/>
      <node ref="U2" pin="6"/>
      <node ref="U2" pin="3"/>
      <node ref="C1" pin="2"/>
      <node ref="J2" pin="1"/>
      <node ref="C5" pin="2"/>
      <node ref="C6" pin="2"/>
    </net>
    <net code="7" name="+3V3">
      <node ref="R6" pin="1"/>
      <node ref="R5" pin="1"/>
      <node ref="R10" pin="1"/>
      <node ref="R2" pin="1"/>
      <node ref="U2" pin="4"/>
      <node ref="R1" pin="1"/>
      <node ref="U3" pin="8"/>
      <node ref="C6" pin="1"/>
      <node ref="C5" pin="1"/>
    </net>
    <net code="8" name="GPIO14">
      <node ref="U3" pin="5"/>
      <node ref="J2" pin="2"/>
    </net>
    <net code="9" name="Net-(J4-Pad1)">
      <node ref="J4" pin="1"/>
      <node ref="K1" pin="1"/>
    </net>
    <net code="10" name="Net-(J4-Pad2)">
      <node ref="K1" pin="2"/>
      <node ref="J4" pin="2"/>
    </net>
    <net code="11" name="Net-(J7-Pad1)">
      <node ref="J7" pin="1"/>
      <node ref="K2" pin="1"/>
    </net>
    <net code="12" name="Net-(J6-Pad1)">
      <node ref="J6" pin="1"/>
      <node ref="R10" pin="2"/>
      <node ref="U3" pin="12"/>
    </net>
    <net code="13" name="Net-(J5-Pad1)">
      <node ref="U3" pin="16"/>
      <node ref="J5" pin="1"/>
    </net>
    <net code="14" name="Net-(J5-Pad2)">
      <node ref="U3" pin="15"/>
      <node ref="J5" pin="2"/>
    </net>
    <net code="15" name="Net-(C4-Pad1)">
      <node ref="R2" pin="2"/>
      <node ref="C4" pin="1"/>
    </net>
    <net code="16" name="GPIO16">
      <node ref="U3" pin="4"/>
      <node ref="J3" pin="2"/>
    </net>
    <net code="17" name="Net-(D2-Pad2)">
      <node ref="K2" pin="4"/>
      <node ref="D2" pin="2"/>
      <node ref="Q2" pin="3"/>
    </net>
    <net code="18" name="Net-(Q2-Pad1)">
      <node ref="R8" pin="1"/>
      <node ref="Q2" pin="1"/>
    </net>
    <net code="19" name="Net-(Q1-Pad1)">
      <node ref="Q1" pin="1"/>
      <node ref="R4" pin="1"/>
    </net>
    <net code="20" name="Net-(U3-Pad2)">
      <node ref="U3" pin="2"/>
    </net>
    <net code="21" name="GPIO12">
      <node ref="R3" pin="1"/>
      <node ref="R4" pin="2"/>
      <node ref="U3" pin="6"/>
    </net>
    <net code="22" name="GPIO13">
      <node ref="R8" pin="2"/>
      <node ref="U3" pin="7"/>
      <node ref="R7" pin="1"/>
    </net>
    <net code="23" name="Net-(U3-Pad11)">
      <node ref="U3" pin="11"/>
    </net>
    <net code="24" name="Net-(U3-Pad13)">
      <node ref="U3" pin="13"/>
    </net>
    <net code="25" name="Net-(U3-Pad14)">
      <node ref="U3" pin="14"/>
    </net>
    <net code="26" name="+5V">
      <node ref="K1" pin="3"/>
      <node ref="D1" pin="1"/>
      <node ref="U2" pin="1"/>
      <node ref="U2" pin="2"/>
      <node ref="U1" pin="4"/>
      <node ref="K2" pin="3"/>
      <node ref="D2" pin="1"/>
      <node ref="C2" pin="1"/>
      <node ref="C3" pin="1"/>
    </net>
    <net code="27" name="Net-(D1-Pad2)">
      <node ref="K1" pin="4"/>
      <node ref="Q1" pin="3"/>
      <node ref="D1" pin="2"/>
    </net>
    <net code="28" name="ESP_RESET">
      <node ref="R6" pin="2"/>
      <node ref="U2" pin="5"/>
      <node ref="U3" pin="1"/>
    </net>
    <net code="29" name="Net-(J1-Pad2)">
      <node ref="RV1" pin="1"/>
      <node ref="U1" pin="1"/>
      <node ref="J1" pin="2"/>
    </net>
    <net code="30" name="Net-(J1-Pad1)">
      <node ref="J1" pin="1"/>
      <node ref="U1" pin="2"/>
      <node ref="RV1" pin="2"/>
    </net>
  </nets>
</export>
